first_name,last_name,country
CLAYTON,BARBEE,Brazil
JOSEPH,JOY,Brazil
TAMARA,NGUYEN,Brazil
NATALIE,MEYER,Brazil
JANE,BENNETT,Brazil
ANTONIO,MEEK,Brazil
NICHOLAS,BARFIELD,Brazil
TERRI,VASQUEZ,Brazil
HAROLD,MARTINO,Brazil
TIMOTHY,BUNN,Brazil
TINA,SIMMONS,Brazil
JESUS,MCCARTNEY,Brazil
CHARLOTTE,HUNTER,Brazil
DANIEL,CABRAL,Brazil
FRANCES,PARKER,Brazil
KENT,ARSENAULT,Brazil
IDA,ANDREWS,Brazil
MARIAN,MENDOZA,Brazil
ELLEN,SIMPSON,Brazil
MAXINE,SILVA,Brazil
DENISE,KELLY,Brazil
MARION,SNYDER,Brazil
JUSTIN,NGO,Brazil
CODY,NOLEN,Brazil
FRANCISCO,SKIDMORE,Brazil
GEORGE,LINTON,Brazil
DEBRA,NELSON,Brazil
JEREMY,HURTADO,Brazil
